rank,title,keyword,url,cluster,page_type,user_problem
"1","Tournament Schedule Maker","tournament schedule maker","/tournament-schedule-maker/","core","tool","Users need one place to make brackets, round robin schedules, league fixtures, and printable match lists."
"2","Round Robin Generator","round robin generator","/round-robin-generator/","core","tool","Users need each team or player to face every other participant with fair byes and clear rounds."
"3","Tournament Bracket Maker","tournament bracket maker","/tournament-bracket-maker/","core","tool","Users need a quick elimination bracket with seeds, byes, print, and export."
"4","League Schedule Maker","league schedule maker","/league-schedule-maker/","core","tool","Users need a fixture list across weeks or rounds with home/away and venue/time options."
"5","Fixture Generator","fixture generator","/fixture-generator/","core","tool","Users need a match fixture list that can be copied, printed, or exported."
"6","Single Elimination Bracket Generator","single elimination bracket generator","/single-elimination-bracket-generator/","format","tool","Users need a knockout bracket where one loss eliminates a team."
"7","Double Elimination Bracket Generator","double elimination bracket generator","/double-elimination-bracket-generator/","format","tool","Users need to understand or plan a bracket where teams are eliminated after two losses."
"8","Printable Tournament Bracket","printable tournament bracket","/printable-tournament-bracket/","export","tool","Users need a bracket layout that prints cleanly for events and classrooms."
"9","Bracket Generator","bracket generator","/bracket-generator/","core","tool","Users need a generic bracket generator but benefit from format guidance and export options."
"10","4 Team Bracket","4 team bracket","/4-team-bracket/","size","tool","Users need a small four-team bracket quickly."
"11","8 Team Bracket","8 team bracket","/8-team-bracket/","size","tool","Users need a standard eight-team bracket with quarterfinals and finals."
"12","16 Team Bracket","16 team bracket","/16-team-bracket/","size","tool","Users need a sixteen-team bracket with proper rounds and seeds."
"13","32 Team Bracket","32 team bracket","/32-team-bracket/","size","tool","Users need a larger bracket that stays printable and readable."
"14","6 Team Round Robin","6 team round robin","/6-team-round-robin/","size","tool","Users need a fair six-team round robin schedule."
"15","8 Team Round Robin","8 team round robin","/8-team-round-robin/","size","tool","Users need an eight-team round robin schedule and match count."
"16","10 Team Round Robin","10 team round robin","/10-team-round-robin/","size","tool","Users need a ten-team round robin schedule across rounds."
"17","12 Team Round Robin","12 team round robin","/12-team-round-robin/","size","tool","Users need a twelve-team round robin schedule that can be exported."
"18","Pickleball Round Robin Generator","pickleball round robin generator","/pickleball-round-robin-generator/","use-case","tool","Pickleball organizers need court rotation, byes, and reduced repeat partners or opponents."
"19","Esports Bracket Maker","esports bracket maker","/esports-bracket-maker/","use-case","tool","Esports organizers need simple seeded brackets for small tournaments."
"20","Cornhole Bracket Maker","cornhole bracket maker","/cornhole-bracket-maker/","use-case","tool","Cornhole event organizers need printable brackets and match lists."
"21","Ping Pong Bracket Maker","ping pong bracket maker","/ping-pong-bracket-maker/","use-case","tool","Ping pong organizers need brackets or round robin schedules for casual tournaments."
"22","Chess Tournament Schedule Maker","chess tournament schedule maker","/chess-tournament-schedule-maker/","use-case","tool","Chess organizers need pairings, rounds, and printable fixture lists."
"23","Classroom Tournament Bracket","classroom tournament bracket","/classroom-tournament-bracket/","use-case","tool","Teachers need quick classroom brackets for games and review activities."
"24","Office Tournament Bracket","office tournament bracket","/office-tournament-bracket/","use-case","tool","Office organizers need quick brackets for pools, games, and team events."
"25","How To Make A Round Robin Schedule","how to make a round robin schedule","/guides/how-to-make-a-round-robin-schedule/","guide","guide","Users need to understand round robin scheduling before or after using the generator."
"26","How Many Games In A Round Robin","how many games in a round robin","/guides/how-many-games-in-a-round-robin/","guide","guide","Users need the round robin match formula and examples."
"27","How To Handle Byes In A Tournament","how to handle byes in a tournament","/guides/how-to-handle-byes-in-a-tournament/","guide","guide","Users need to understand byes when participant counts do not fit the format."
"28","How To Seed A Tournament Bracket","how to seed a tournament bracket","/guides/how-to-seed-a-tournament-bracket/","guide","guide","Users need fair seeding rules and examples."
"29","Single Elimination Vs Double Elimination","single elimination vs double elimination","/guides/single-elimination-vs-double-elimination/","guide","guide","Users need to choose the right tournament format."
"30","How To Make A Fair Tournament Schedule","how to make a fair tournament schedule","/guides/how-to-make-a-fair-tournament-schedule/","guide","guide","Users need practical rules for fairness, byes, courts, and repeat matchups."
"31","Round Robin Schedule Maker","round robin schedule maker","/round-robin-schedule-maker/","core","tool","Users need a complete round robin schedule with rounds, courts, times, and fair byes, not just matchup math."
"32","Tournament Fixture Generator","tournament fixture generator","/tournament-fixture-generator/","core","tool","Users need a tournament fixture list that is easy to share, print, and adjust for courts or time slots."
"33","Sports Schedule Maker","sports schedule maker","/sports-schedule-maker/","use-case","tool","Coaches and league organizers need a fast way to make a sports schedule without spreadsheet formulas."
"34","Pool Play Schedule Generator","pool play schedule generator","/pool-play-schedule-generator/","format","tool","Tournament organizers need fair pool play schedules before playoffs or elimination rounds."
"35","Tournament Schedule Template","tournament schedule template","/tournament-schedule-template/","export","tool","Users want a printable or spreadsheet-friendly tournament schedule template they can customize quickly."
"36","5 Team Round Robin","5 team round robin","/5-team-round-robin/","size","tool","Users need a 5-team round robin schedule with one bye each round and no duplicate matchups."
"37","7 Team Round Robin","7 team round robin","/7-team-round-robin/","size","tool","Users need a 7-team round robin schedule where byes rotate fairly across seven rounds."
"38","9 Team Round Robin","9 team round robin","/9-team-round-robin/","size","tool","Users need a 9-team round robin schedule with balanced byes, courts, and time slots."
